<edmx:Edmx
    xmlns:edmx="http://schemas.microsoft.com/ado/2007/06/edmx"
    xmlns:m="http://schemas.microsoft.com/ado/2007/08/dataservices/metadata"
    xmlns:sap="http://www.sap.com/Protocols/SAPData" Version="1.0">
    <edmx:DataServices m:DataServiceVersion="2.0">
        <Schema
            xmlns="http://schemas.microsoft.com/ado/2008/09/edm" Namespace="ZPP_PROJECT_SRV_01" xml:lang="en" sap:schema-version="1">
            <EntityType Name="PPLOGIN" sap:content-version="1">
                <Key>
                    <PropertyRef Name="UserId"/>
                    <PropertyRef Name="Password"/>
                </Key>
                <Property Name="UserId" Type="Edm.String" Nullable="false" MaxLength="30" sap:unicode="false" sap:label="Branching name" sap:creatable="false" sap:updatable="false" sap:sortable="false" sap:filterable="false"/>
                <Property Name="Password" Type="Edm.String" Nullable="false" MaxLength="20" sap:unicode="false" sap:label="Char20" sap:creatable="false" sap:updatable="false" sap:sortable="false" sap:filterable="false"/>
                <Property Name="Status" Type="Edm.String" Nullable="false" MaxLength="10" sap:unicode="false" sap:label="Character Field with Length 10" sap:creatable="false" sap:updatable="false" sap:sortable="false" sap:filterable="false"/>
            </EntityType>
            <EntityType Name="PPPLANNEDORDER" sap:content-version="1">
                <Key>
                    <PropertyRef Name="Month"/>
                    <PropertyRef Name="Year"/>
                </Key>
                <Property Name="Ordernumber" Type="Edm.String" Nullable="false" MaxLength="10" sap:unicode="false" sap:label="Planned Order" sap:creatable="false" sap:updatable="false" sap:sortable="false" sap:filterable="false"/>
                <Property Name="Materialnumber" Type="Edm.String" Nullable="false" MaxLength="40" sap:unicode="false" sap:label="Material" sap:creatable="false" sap:updatable="false" sap:sortable="false" sap:filterable="false"/>
                <Property Name="Materialdesc" Type="Edm.String" Nullable="false" MaxLength="40" sap:unicode="false" sap:label="Description" sap:creatable="false" sap:updatable="false" sap:sortable="false" sap:filterable="false"/>
                <Property Name="Startdate" Type="Edm.DateTime" Nullable="false" Precision="7" sap:unicode="false" sap:label="Order Start" sap:creatable="false" sap:updatable="false" sap:sortable="false" sap:filterable="false"/>
                <Property Name="Enddate" Type="Edm.DateTime" Nullable="false" Precision="7" sap:unicode="false" sap:label="Order End Date" sap:creatable="false" sap:updatable="false" sap:sortable="false" sap:filterable="false"/>
                <Property Name="Month" Type="Edm.String" Nullable="false" MaxLength="2" sap:unicode="false" sap:label="Component of the Version Number" sap:creatable="false" sap:updatable="false" sap:sortable="false" sap:filterable="false"/>
                <Property Name="Year" Type="Edm.String" Nullable="false" MaxLength="4" sap:unicode="false" sap:label="Undefined range (can be used for patch levels)" sap:creatable="false" sap:updatable="false" sap:sortable="false" sap:filterable="false"/>
                <Property Name="Ordertype" Type="Edm.String" Nullable="false" MaxLength="10" sap:unicode="false" sap:label="Character Field with Length 10" sap:creatable="false" sap:updatable="false" sap:sortable="false" sap:filterable="false"/>
                <Property Name="MrpController" Type="Edm.String" Nullable="false" MaxLength="3" sap:unicode="false" sap:label="MRP Controller" sap:creatable="false" sap:updatable="false" sap:sortable="false" sap:filterable="false"/>
                <Property Name="PlanningPlant" Type="Edm.String" Nullable="false" MaxLength="4" sap:unicode="false" sap:label="Planning Plant" sap:creatable="false" sap:updatable="false" sap:sortable="false" sap:filterable="false"/>
                <Property Name="ProductionPlant" Type="Edm.String" Nullable="false" MaxLength="4" sap:unicode="false" sap:label="Production Plant" sap:creatable="false" sap:updatable="false" sap:sortable="false" sap:filterable="false"/>
                <Property Name="ProcurementType" Type="Edm.String" Nullable="false" MaxLength="4" sap:unicode="false" sap:label="Planned Order Type" sap:creatable="false" sap:updatable="false" sap:sortable="false" sap:filterable="false"/>
            </EntityType>
            <EntityContainer Name="ZPP_PROJECT_SRV_01_Entities" m:IsDefaultEntityContainer="true" sap:supported-formats="atom json xlsx">
                <EntitySet Name="PPLOGINSet" EntityType="ZPP_PROJECT_SRV_01.PPLOGIN" sap:creatable="false" sap:updatable="false" sap:deletable="false" sap:pageable="false" sap:content-version="1"/>
                <EntitySet Name="PPPLANNEDORDERSet" EntityType="ZPP_PROJECT_SRV_01.PPPLANNEDORDER" sap:creatable="false" sap:updatable="false" sap:deletable="false" sap:pageable="false" sap:content-version="1"/>
            </EntityContainer>
            <Annotation
                xmlns="http://docs.oasis-open.org/odata/ns/edm" Term="Core.SchemaVersion" String="1.0.0"/>
                <atom:link
                    xmlns:atom="http://www.w3.org/2005/Atom" rel="self" href="./sap/ZPP_PROJECT_SRV_01/$metadata"/>
                    <atom:link
                        xmlns:atom="http://www.w3.org/2005/Atom" rel="latest-version" href="./sap/ZPP_PROJECT_SRV_01/$metadata"/>
                    </Schema>
                </edmx:DataServices>
            </edmx:Edmx>